"","Start_Date","End_Date","Pay_Date"
"1",2024-01-12,2024-01-25,2024-02-01
"2",2024-01-26,2024-02-08,2024-02-15
"3",2024-02-09,2024-02-22,2024-02-29
"4",2024-02-23,2024-03-07,2024-03-14
"5",2024-03-08,2024-03-21,2024-03-28
"6",2024-03-22,2024-04-04,2024-04-11
"7",2024-04-05,2024-04-18,2024-04-25
"8",2024-04-19,2024-05-02,2024-05-09
"9",2024-05-03,2024-05-16,2024-05-23
"10",2024-05-17,2024-05-30,2024-06-06
"11",2024-05-31,2024-06-13,2024-06-20
"12",2024-06-14,2024-06-27,2024-07-04
"13",2024-06-28,2024-07-11,2024-07-18
"14",2024-07-12,2024-07-25,2024-08-01
"15",2024-07-26,2024-08-08,2024-08-15
"16",2024-08-09,2024-08-22,2024-08-29
"17",2024-08-23,2024-09-05,2024-09-12
"18",2024-09-06,2024-09-19,2024-09-26
"19",2024-09-20,2024-10-03,2024-10-10
"20",2024-10-04,2024-10-17,2024-10-24
"21",2024-10-18,2024-10-31,2024-11-07
"22",2024-11-01,2024-11-14,2024-11-21
"23",2024-11-15,2024-11-28,2024-12-05
"24",2024-11-29,2024-12-12,2024-12-19
"25",2024-12-13,2024-12-26,2025-01-02
"26",2024-12-27,2025-01-09,2025-01-16
